ときの,,,1,名詞,固有名詞,人名,姓,*,*,ときの,トキノ,トキノ
そら,,,1,名詞,固有名詞,人名,名,*,*,そら,ソラ,ソラ
そらとも,,,1,名詞,固有名詞,一般,*,*,*,そらとも,ソラトモ,ソラトモ
そらロボ,,,1,名詞,固有名詞,一般,*,*,*,そらロボ,ソラロボ,ソラロボ
そらみこ,,,1,名詞,固有名詞,一般,*,*,*,そらみこ,ソラミコ,ソラミコ
じゃあ敵だね,,,1,名詞,固有名詞,一般,*,*,*,じゃあ敵だね,ジャアテキダネ,ジャーテキダネ
ホロalice,,,1,名詞,固有名詞,一般,*,*,*,ホロalice,ホロアリス,ホロアリス
ロボ子さん,,,1,名詞,固有名詞,人名,一般,*,*,ロボ子さん,ロボコサン,ロボコサン
ろぼさー,,,1,名詞,固有名詞,一般,*,*,*,ろぼさー,ロボサー,ロボサー
ロボちゃん,,,1,名詞,固有名詞,人名,一般,*,*,ロボちゃん,ロボチャン,ロボチャン
ロボ子しぇんぱい,,,1,名詞,固有名詞,人名,一般,*,*,ロボ子しぇんぱい,ロボコシェンパイ,ロボコシェンパイ
ロボ子しゃん,,,1,名詞,固有名詞,人名,一般,*,*,ロボ子しゃん,ロボコシャン,ロボコシャン
ろぼろぼ,,,1,名詞,固有名詞,人名,一般,*,*,ろぼろぼ,ロボロボ,ロボロボ
ロボ子てんぱい,,,1,名詞,固有名詞,人名,一般,*,*,ロボ子てんぱい,ロボコテンパイ,ロボコテンパイ
ロボちゃ先輩,,,1,名詞,固有名詞,人名,一般,*,*,ロボちゃ先輩,ロボチャセンパイ,ロボチャセンパイ
さくら,,,1,名詞,固有名詞,人名,姓,*,*,さくら,サクラ,サクラ
みこ,,,1,名詞,固有名詞,人名,名,*,*,みこ,ミコ,ミコ
micomet,,,1,名詞,固有名詞,一般,*,*,*,micomet,ミコメット,ミコメット
みっころね,,,1,名詞,固有名詞,一般,*,*,*,みっころね,ミッコロネ,ミッコロネ
ぺこみこ,,,1,名詞,固有名詞,一般,*,*,*,ぺこみこ,ペコミコ,ペコミコ
みこち,,,1,名詞,固有名詞,人名,一般,*,*,みこち,ミコチ,ミコチ
みこみこ,,,1,名詞,固有名詞,人名,一般,*,*,みこみこ,ミコミコ,ミコミコ
星街,,,1,名詞,固有名詞,人名,姓,*,*,星街,ホシマチ,ホシマチ
すいせい,,,1,名詞,固有名詞,人名,名,*,*,すいせい,スイセイ,スイセー
すいちゃん,,,1,名詞,代名詞,一般,*,*,*,すいちゃん,スイチャン,スイチャン
星詠み,,,1,名詞,固有名詞,一般,*,*,*,星詠み,ホシヨミ,ホシヨミ
星空ノ街,,,1,名詞,固有名詞,一般,*,*,*,星空ノ街,ホシゾラノマチ,ホシゾラノマチ
あかほし,,,1,名詞,固有名詞,一般,*,*,*,あかほし,アカホシ,アカホシ
夏街すいり,,,1,名詞,固有名詞,一般,*,*,*,夏街すいり,ナツマチスイリ,ナツマチスイリ
星羽,,,1,名詞,固有名詞,一般,*,*,*,星羽,ホシハネ,ホシハネ
星の彼方,,,1,名詞,固有名詞,一般,*,*,*,星の彼方,ホシノカナタ,ホシノカナタ
karashi,,,1,名詞,固有名詞,一般,*,*,*,karashi,アッシュ,アッシュ
dシグナル,,,1,名詞,固有名詞,一般,*,*,*,dシグナル,ディーシグナル,ディーシグナル
ぽりゅーしょんず,,,1,名詞,固有名詞,一般,*,*,*,ぽりゅーしょんず,ポリューションズ,ポリューションズ
星天巻,,,1,名詞,固有名詞,一般,*,*,*,星天巻,セイテンマキ,セイテンマキ
同居ーず,,,1,名詞,固有名詞,一般,*,*,*,同居ーず,ドウキョウーズ,ドーキョーズ
すいすい,,,1,名詞,固有名詞,人名,一般,*,*,すいすい,スイスイ,スイスイ
すいちゃま,,,1,名詞,固有名詞,人名,一般,*,*,すいちゃま,スイチャマ,スイチャマ
夜空,,,1,名詞,固有名詞,人名,姓,*,*,夜空,ヨゾラ,ヨゾラ
メル,,,1,名詞,固有名詞,人名,名,*,*,メル,メル,メル
かぷ民,,,1,名詞,固有名詞,一般,*,*,*,かぷ民,カプミン,カプミン
メルティーキッス,,,1,名詞,固有名詞,一般,*,*,*,メルティーキッス,メルティーキッス,メルティーキッス
メルメル,,,1,名詞,固有名詞,人名,一般,*,*,メルメル,メルメル,メルメル
ローゼンタール,,,1,名詞,固有名詞,人名,姓,*,*,ローゼンタール,ローゼンタール,ローゼンタール
アキ,,,1,名詞,固有名詞,人名,名,*,*,アキ,アキ,アキ
ムキロゼ,,,1,名詞,代名詞,一般,*,*,*,ムキロゼ,ムキロゼ,ムキロゼ
ロゼ隊,,,1,名詞,固有名詞,一般,*,*,*,ロゼ隊,ロゼタイ,ロゼタイ
アキロゼ,,,1,名詞,固有名詞,人名,一般,*,*,アキロゼ,アキロゼ,アキロゼ
ロゼちゃん,,,1,名詞,固有名詞,人名,一般,*,*,ロゼちゃん,ロゼチャン,ロゼチャン
アキアキ,,,1,名詞,固有名詞,人名,一般,*,*,アキアキ,アキアキ,アキアキ
赤井,,,1,名詞,固有名詞,人名,姓,*,*,赤井,アカイ,アカイ
はあと,,,1,名詞,固有名詞,人名,名,*,*,はあと,ハアト,ハート
はあとん,,,1,名詞,固有名詞,一般,*,*,*,はあとん,ハアトン,ハートン
夏色はあと,,,1,名詞,固有名詞,一般,*,*,*,夏色はあと,ナツイロハアト,ナツイロハート
媚ライブ,,,1,名詞,固有名詞,一般,*,*,*,媚ライブ,コビライブ,コビライブ
ロリライブ,,,1,名詞,固有名詞,一般,*,*,*,ロリライブ,ロリライブ,ロリライブ
はあわた,,,1,名詞,固有名詞,一般,*,*,*,はあわた,ハアワタ,ハーワタ
はあココ,,,1,名詞,固有名詞,一般,*,*,*,はあココ,ハアココ,ハーココ
ちゃまたん,,,1,名詞,固有名詞,一般,*,*,*,ちゃまたん,チャマタン,チャマタン
ぽてとりお,,,1,名詞,固有名詞,一般,*,*,*,ぽてとりお,ポテトリオ,ポテトリオ
どっきりラビリンス,,,1,名詞,固有名詞,一般,*,*,*,どっきりラビリンス,ドッキリラビリンス,ドッキリラビリンス
四角関係,,,1,名詞,固有名詞,一般,*,*,*,四角関係,シカクカンケイ,シカクカンケイ
金髪組,,,1,名詞,固有名詞,一般,*,*,*,金髪組,キンパツグミ,キンパツグミ
はあちゃん,,,1,名詞,固有名詞,人名,一般,*,*,はあちゃん,ハアチャン,ハーチャン
はあちゃま,,,1,名詞,固有名詞,人名,一般,*,*,はあちゃま,ハアチャマ,ハーチャマ
白上,,,1,名詞,固有名詞,人名,姓,*,*,白上,シラカミ,シラカミ
フブキ,,,1,名詞,固有名詞,人名,名,*,*,フブキ,フブキ,フブキ
すこん部,,,1,名詞,固有名詞,一般,*,*,*,すこん部,スコンブ,スコンブ
夏色吹雪,,,1,名詞,固有名詞,一般,*,*,*,夏色吹雪,ナツイロフブキ,ナツイロフブキ
フブミオ,,,1,名詞,固有名詞,一般,*,*,*,フブミオ,フブミオ,フブミオ
バカタレ共,,,1,名詞,固有名詞,一般,*,*,*,バカタレ共,バカタレドモ,バカタレドモ
fams,,,1,名詞,固有名詞,一般,*,*,*,fams,ファムズ,ファムズ
フブキング,,,1,名詞,固有名詞,人名,一般,*,*,フブキング,フブキング,フブキング
ふぶちゃん,,,1,名詞,固有名詞,人名,一般,*,*,ふぶちゃん,フブチャン,フブチャン
フブちゃん,,,1,名詞,固有名詞,人名,一般,*,*,フブちゃん,フブチャン,フブチャン
フブキせんぱい,,,1,名詞,固有名詞,人名,一般,*,*,フブキせんぱい,フブキセンパイ,フブキセンパイ
夏色,,,1,名詞,固有名詞,人名,姓,*,*,夏色,ナツイロ,ナツイロ
まつり,,,1,名詞,固有名詞,人名,名,*,*,まつり,マツリ,マツリ
まつりす,,,1,名詞,固有名詞,一般,*,*,*,まつりす,マツリス,マツリス
夏アッキー,,,1,名詞,固有名詞,一般,*,*,*,夏アッキー,ナツアッキー,ナツアッキー
夏空組,,,1,名詞,固有名詞,一般,*,*,*,夏空組,ナツゾラグミ,ナツゾラグミ
シオり,,,1,名詞,固有名詞,一般,*,*,*,シオり,シオリ,シオリ
夏ちょこ,,,1,名詞,固有名詞,一般,*,*,*,夏ちょこ,ナツチョコ,ナツチョコ
まな板組,,,1,名詞,固有名詞,一般,*,*,*,まな板組,マナイタグミ,マナイタグミ
えむえむGO,,,1,名詞,固有名詞,一般,*,*,*,えむえむGO,エムエムゴー,エムエムゴー
まつかな,,,1,名詞,固有名詞,一般,*,*,*,まつかな,マツカナ,マツカナ
ココ夏,,,1,名詞,固有名詞,一般,*,*,*,ココ夏,ココナツ,ココナツ
癌と羊,,,1,名詞,固有名詞,一般,*,*,*,癌と羊,ガントヒツジ,ガントヒツジ
フェスティバルーナ,,,1,名詞,固有名詞,一般,*,*,*,フェスティバルーナ,フェスティバルーナ,フェスティバルーナ
チア団長,,,1,名詞,固有名詞,一般,*,*,*,チア団長,チアダンチョウ,チアダンチョー
春夏秋冬組,,,1,名詞,固有名詞,一般,*,*,*,春夏秋冬組,シュンカシュウトウグミ,シュンカシュートーグミ
ぺこみこここ夏,,,1,名詞,固有名詞,一般,*,*,*,ぺこみこここ夏,ペコミコココナツ,ペコミコココナツ
ばりあすからーず,,,1,名詞,固有名詞,一般,*,*,*,ばりあすからーず,バリアスカラーズ,バリアスカラーズ
まつりん,,,1,名詞,固有名詞,人名,一般,*,*,まつりん,マツリン,マツリン
まつりちゃ先輩,,,1,名詞,固有名詞,人名,一般,*,*,まつりちゃ先輩,マツリチャセンパイ,マツリチャセンパイ
湊,,,1,名詞,固有名詞,人名,姓,*,*,湊,ミナト,ミナト
あくあ,,,1,名詞,固有名詞,人名,名,*,*,あくあ,アクア,アクア
あてぃし,,,1,名詞,代名詞,一般,*,*,*,あてぃし,アティシ,アティシ
あくあクルー,,,1,名詞,固有名詞,一般,*,*,*,あくあクルー,アクアクルー,アクアクルー
あくシオ,,,1,名詞,固有名詞,一般,*,*,*,あくシオ,アクシオ,アクシオ
あくあマリン,,,1,名詞,固有名詞,一般,*,*,*,あくあマリン,アクアマリン,アクアマリン
あくたん,,,1,名詞,固有名詞,人名,一般,*,*,あくたん,アクタン,アクタン
あくあちゃ先輩,,,1,名詞,固有名詞,人名,一般,*,*,あくあちゃ先輩,アクアチャセンパイ,アクアチャセンパイ
紫咲,,,1,名詞,固有名詞,人名,姓,*,*,紫咲,ムラサキ,ムラサキ
シオン,,,1,名詞,固有名詞,人名,名,*,*,シオン,シオン,シオン
塩っ子,,,1,名詞,固有名詞,一般,*,*,*,塩っ子,シオッコ,シオッコ
ねむい組,,,1,名詞,固有名詞,一般,*,*,*,ねむい組,ネムイグミ,ネムイグミ
塩がゆ,,,1,名詞,固有名詞,一般,*,*,*,塩がゆ,シオガユ,シオガユ
塩パン,,,1,名詞,固有名詞,一般,*,*,*,塩パン,シオパン,シオパン
紫龍組,,,1,名詞,固有名詞,一般,*,*,*,紫龍組,シリュウグミ,シリューグミ
フブシオ,,,1,名詞,固有名詞,一般,*,*,*,フブシオ,フブシオ,フブシオ
ハバ卒とババシャツ,,,1,名詞,固有名詞,一般,*,*,*,ハバ卒とババシャツ,ハバソツトババシャツ,ハバソツトババシャツ
断崖五絶壁,,,1,名詞,固有名詞,一般,*,*,*,断崖五絶壁,ダンガイゴゼッペキ,ダンガイゴゼッペキ
シオンたん,,,1,名詞,固有名詞,人名,一般,*,*,シオンたん,シオンタン,シオンタン
魔女っ娘,,,1,名詞,固有名詞,人名,一般,*,*,魔女っ娘,マジョッコ,マジョッコ
百鬼,,,1,名詞,固有名詞,人名,姓,*,*,百鬼,ナキリ,ナキリ
あやめ,,,1,名詞,固有名詞,人名,名,*,*,あやめ,アヤメ,アヤメ
余,,,1,名詞,代名詞,一般,*,*,*,余,ヨ,ヨ
百鬼組,,,1,名詞,固有名詞,一般,*,*,*,百鬼組,ナキリグミ,ナキリグミ
あやめる,,,1,名詞,固有名詞,人名,一般,*,*,あやめる,アヤメル,アヤメル
あやめんこ,,,1,名詞,固有名詞,人名,一般,*,*,あやめんこ,アヤメンコ,アヤメンコ
めんこ,,,1,名詞,固有名詞,人名,一般,*,*,めんこ,メンコ,メンコ
なきり,,,1,名詞,固有名詞,人名,一般,*,*,なきり,ナキリ,ナキリ
あやめ殿,,,1,名詞,固有名詞,人名,一般,*,*,あやめ殿,アヤメドノ,アヤメドノ
あーちゃん,,,1,名詞,固有名詞,人名,一般,*,*,あーちゃん,アーチャン,アーチャン
あやめちゃ先輩,,,1,名詞,固有名詞,人名,一般,*,*,あやめちゃ先輩,アヤメチャセンパイ,アヤメチャセンパイ
癒月,,,1,名詞,固有名詞,人名,姓,*,*,癒月,ユヅキ,ユヅキ
ちょこ,,,1,名詞,固有名詞,人名,名,*,*,ちょこ,チョコ,チョコ
ちょこめいと,,,1,名詞,固有名詞,一般,*,*,*,ちょこめいと,チョコメイト,チョコメイト
ちょこ先生,,,1,名詞,固有名詞,人名,一般,*,*,ちょこ先生,チョコセンセイ,チョコセンセー
ちょこ先,,,1,名詞,固有名詞,人名,一般,*,*,ちょこ先,チョコセン,チョコセン
ちょこてんてー,,,1,名詞,固有名詞,人名,一般,*,*,ちょこてんてー,チョコテンテー,チョコテンテー
大空,,,1,名詞,固有名詞,人名,姓,*,*,大空,オオゾラ,オオゾラ
スバル,,,1,名詞,固有名詞,人名,名,*,*,スバル,スバル,スバル
スバ友,,,1,名詞,固有名詞,一般,*,*,*,スバ友,スバトモ,スバトモ
スバちゃん,,,1,名詞,固有名詞,人名,一般,*,*,スバちゃん,スバチャン,スバチャン
すばう,,,1,名詞,固有名詞,人名,一般,*,*,すばう,スバウ,スバウ
すばにゃん,,,1,名詞,固有名詞,人名,一般,*,*,すばにゃん,スバニャン,スバニャン
スバルちゃ先輩,,,1,名詞,固有名詞,人名,一般,*,*,スバルちゃ先輩,スバルチャセンパイ,スバルチャセンパイ
大神,,,1,名詞,固有名詞,人名,姓,*,*,大神,オオガミ,オオガミ
ミオ,,,1,名詞,固有名詞,人名,名,*,*,ミオ,ミオ,ミオ
ウチ,,,1,名詞,代名詞,一般,*,*,*,ウチ,ウチ,ウチ
ミオファ,,,1,名詞,固有名詞,一般,*,*,*,ミオファ,ミオファ,ミオファ
ミオしゃ,,,1,名詞,固有名詞,人名,一般,*,*,ミオしゃ,ミオシャ,ミオシャ
ミオちゃ先輩,,,1,名詞,固有名詞,人名,一般,*,*,ミオちゃ先輩,ミオチャセンパイ,ミオチャセンパイ
猫又,,,1,名詞,固有名詞,人名,姓,*,*,猫又,ネコマタ,ネコマタ
おかゆ,,,1,名詞,固有名詞,人名,名,*,*,おかゆ,オカユ,オカユ
おにぎりゃー,,,1,名詞,固有名詞,一般,*,*,*,おにぎりゃー,オニギリャー,オニギリャー
おかころ,,,1,名詞,固有名詞,一般,*,*,*,おかころ,オカコロ,オカコロ
おかゆん,,,1,名詞,固有名詞,人名,一般,*,*,おかゆん,オカユン,オカユン
おかにゃむ,,,1,名詞,固有名詞,人名,一般,*,*,おかにゃむ,オカニャム,オカニャム
ぉヵゅ,,,1,名詞,固有名詞,人名,一般,*,*,ぉヵゅ,オカユ,オカユ
おかにゃん,,,1,名詞,固有名詞,人名,一般,*,*,おかにゃん,オカニャン,オカニャン
戌神,,,1,名詞,固有名詞,人名,姓,*,*,戌神,イヌガミ,イヌガミ
ころね,,,1,名詞,固有名詞,人名,名,*,*,ころね,コロネ,コロネ
こーね,,,1,名詞,代名詞,一般,*,*,*,こーね,コーネ,コーネ
ころねすきー,,,1,名詞,固有名詞,一般,*,*,*,ころねすきー,コロネスキー,コロネスキー
ころねん,,,1,名詞,固有名詞,人名,一般,*,*,ころねん,コロネン,コロネン
ころさん,,,1,名詞,固有名詞,人名,一般,*,*,ころさん,コロサン,コロサン
親方,,,1,名詞,固有名詞,人名,一般,*,*,親方,オヤカタ,オヤカタ
いぬっころ,,,1,名詞,固有名詞,人名,一般,*,*,いぬっころ,イヌッコロ,イヌッコロ
有識者k,,,1,名詞,固有名詞,人名,一般,*,*,有識者k,ユウシキシャケー,ユウシキシャケー
ころ先輩,,,1,名詞,固有名詞,人名,一般,*,*,ころ先輩,コロセンパイ,コロセンパイ
ころちゃ,,,1,名詞,固有名詞,人名,一般,*,*,ころちゃ,コロチャ,コロチャ
兎田,,,1,名詞,固有名詞,人名,姓,*,*,兎田,ウサダ,ウサダ
ぺこら,,,1,名詞,固有名詞,人名,名,*,*,ぺこら,ペコラ,ペコラ
ぺこーら,,,1,名詞,代名詞,一般,*,*,*,ぺこーら,ペコーラ,ペコーラ
ぺこちゃん,,,1,名詞,代名詞,一般,*,*,*,ぺこちゃん,ペコチャン,ペコチャン
ぺっちゃん,,,1,名詞,代名詞,一般,*,*,*,ぺっちゃん,ペッチャン,ペッチャン
野うさぎ同盟,,,1,名詞,固有名詞,一般,*,*,*,野うさぎ同盟,ノウサギドウメイ,ノウサギドウメイ
ぺこちゃん,,,1,名詞,固有名詞,人名,一般,*,*,ぺこちゃん,ペコチャン,ペコチャン
ぺこらっちょ,,,1,名詞,固有名詞,人名,一般,*,*,ぺこらっちょ,ペコラッチョ,ペコラッチョ
ぺこぺこ先輩,,,1,名詞,固有名詞,人名,一般,*,*,ぺこぺこ先輩,ペコペコセンパイ,ペコペコセンパイ
潤羽,,,1,名詞,固有名詞,人名,姓,*,*,潤羽,ウルハ,ウルハ
るしあ,,,1,名詞,固有名詞,人名,名,*,*,るしあ,ルシア,ルシア
ふぁんでっど,,,1,名詞,固有名詞,一般,*,*,*,ふぁんでっど,ファンデッド,ファンデッド
るしあたん,,,1,名詞,固有名詞,人名,一般,*,*,るしあたん,ルシアタン,ルシアタン
るーしー,,,1,名詞,固有名詞,人名,一般,*,*,るーしー,ルーシー,ルーシー
るしーあ,,,1,名詞,固有名詞,人名,一般,*,*,るしーあ,ルシーア,ルシーア
るーちゃん,,,1,名詞,固有名詞,人名,一般,*,*,るーちゃん,ルーチャン,ルーチャン
るぅたん,,,1,名詞,固有名詞,人名,一般,*,*,るぅたん,ルゥタン,ルータン
るしあちゃ先輩,,,1,名詞,固有名詞,人名,一般,*,*,るしあちゃ先輩,ルシアチャセンパイ,ルシアチャセンパイ
不知火,,,1,名詞,固有名詞,人名,姓,*,*,不知火,シラヌイ,シラヌイ
フレア,,,1,名詞,固有名詞,人名,名,*,*,フレア,フレア,フレア
エルフレンド,,,1,名詞,固有名詞,一般,*,*,*,エルフレンド,エルフレンド,エルフレンド
ふーたん,,,1,名詞,固有名詞,人名,一般,*,*,ふーたん,フータン,フータン
ふーちゃん,,,1,名詞,固有名詞,人名,一般,*,*,ふーちゃん,フーチャン,フーチャン
フレちゃん,,,1,名詞,固有名詞,人名,一般,*,*,フレちゃん,フレチャン,フレチャン
ふれーあ,,,1,名詞,固有名詞,人名,一般,*,*,ふれーあ,フレーア,フレーア
白銀,,,1,名詞,固有名詞,人名,姓,*,*,白銀,シロガネ,シロガネ
ノエル,,,1,名詞,固有名詞,人名,名,*,*,ノエル,ノエル,ノエル
白銀聖騎士団,,,1,名詞,固有名詞,一般,*,*,*,白銀聖騎士団,シロガネセイキシダン,シロガネセイキシダン
ノエルたん,,,1,名詞,固有名詞,人名,一般,*,*,ノエルたん,ノエルタン,ノエルタン
団長,,,1,名詞,固有名詞,人名,一般,*,*,団長,ダンチョウ,ダンチョー
ノエちゃん,,,1,名詞,固有名詞,人名,一般,*,*,ノエちゃん,ノエチャン,ノエチャン
のえーる,,,1,名詞,固有名詞,人名,一般,*,*,のえーる,ノエール,ノエール
ノエノエ,,,1,名詞,固有名詞,人名,一般,*,*,ノエノエ,ノエノエ,ノエノエ
ノエルちゃ先輩,,,1,名詞,固有名詞,人名,一般,*,*,ノエルちゃ先輩,ノエルチャセンパイ,ノエルチャセンパイ
宝鐘,,,1,名詞,固有名詞,人名,姓,*,*,宝鐘,ホウショウ,ホーショー
マリン,,,1,名詞,固有名詞,人名,名,*,*,マリン,マリン,マリン
宝鐘の一味,,,1,名詞,固有名詞,一般,*,*,*,宝鐘の一味,ホウショウノイチミ,ホウショーノイチミ
船長,,,1,名詞,固有名詞,人名,一般,*,*,船長,センチョウ,センチョー
マリンたん,,,1,名詞,固有名詞,人名,一般,*,*,マリンたん,マリンタン,マリンタン
マリンカ,,,1,名詞,固有名詞,人名,一般,*,*,マリンカ,マリンカ,マリンカ
マリリン,,,1,名詞,固有名詞,人名,一般,*,*,マリリン,マリリン,マリリン
まりりん,,,1,名詞,固有名詞,人名,一般,*,*,まりりん,マリリン,マリリン
マリマリ,,,1,名詞,固有名詞,人名,一般,*,*,マリマリ,マリマリ,マリマリ
天音,,,1,名詞,固有名詞,人名,姓,*,*,天音,アマネ,アマネ
かなた,,,1,名詞,固有名詞,人名,名,*,*,かなた,カナタ,カナタ
へい民,,,1,名詞,固有名詞,一般,*,*,*,へい民,ヘイミン,ヘイミン
かなわた,,,1,名詞,固有名詞,一般,*,*,*,かなわた,カナワタ,カナワタ
ppトリオ,,,1,名詞,固有名詞,一般,*,*,*,ppトリオ,パワポトリオ,パワポトリオ
かなるーな,,,1,名詞,固有名詞,一般,*,*,*,かなるーな,カナルーナ,カナルーナ
収益化ng組,,,1,名詞,固有名詞,一般,*,*,*,収益化ng組,シュウエキカエヌジーグミ,シューエキカエヌジーグミ
4期生switch組,,,1,名詞,固有名詞,一般,*,*,*,4期生switch組,ヨンキセイスイッチグミ,ヨンキセースイッチグミ
ぺこかな,,,1,名詞,固有名詞,一般,*,*,*,ぺこかな,ペコカナ,ペコカナ
あんぽんたんコンビ,,,1,名詞,固有名詞,一般,*,*,*,あんぽんたんコンビ,アンポンタンコンビ,アンポンタンコンビ
かなたちょこ,,,1,名詞,固有名詞,一般,*,*,*,かなたちょこ,カナタチョコ,カナタチョコ
かなるし,,,1,名詞,固有名詞,一般,*,*,*,かなるし,カナルシ,カナルシ
かなたん,,,1,名詞,固有名詞,人名,一般,*,*,かなたん,カナタン,カナタン
きゃなたん,,,1,名詞,固有名詞,人名,一般,*,*,きゃなたん,キャナタン,キャナタン
かなかな,,,1,名詞,固有名詞,人名,一般,*,*,かなかな,カナカナ,カナカナ
pp天使,,,1,名詞,固有名詞,人名,一般,*,*,pp天使,パワポテンシ,パワポテンシ
パワポ天使,,,1,名詞,固有名詞,人名,一般,*,*,パワポ天使,パワポテンシ,パワポテンシ
pちゃん,,,1,名詞,固有名詞,人名,一般,*,*,pちゃん,ピーチャン,ピーチャン
天使公,,,1,名詞,固有名詞,人名,一般,*,*,天使公,テンシコウ,テンシコー
天音ちゃ,,,1,名詞,固有名詞,人名,一般,*,*,天音ちゃ,アマネチャ,アマネチャ
かなな先輩,,,1,名詞,固有名詞,人名,一般,*,*,かなな先輩,カナナセンパイ,カナナセンパイ
桐生,,,1,名詞,固有名詞,人名,姓,*,*,桐生,キリュウ,キリュー
ココ,,,1,名詞,固有名詞,人名,名,*,*,ココ,ココ,ココ
たつのこ,,,1,名詞,固有名詞,一般,*,*,*,たつのこ,タツノコ,タツノコ
ロボココ,,,1,名詞,固有名詞,一般,*,*,*,ロボココ,ロボココ,ロボココ
ココみこ,,,1,名詞,固有名詞,一般,*,*,*,ココみこ,ココミコ,ココミコ
かなココ,,,1,名詞,固有名詞,一般,*,*,*,かなココ,カナココ,カナココ
holometh,,,1,名詞,固有名詞,一般,*,*,*,holometh,ホロメス,ホロメス
会長,,,1,名詞,固有名詞,人名,一般,*,*,会長,カイチョウ,カイチョー
ココたん,,,1,名詞,固有名詞,人名,一般,*,*,ココたん,ココタン,ココタン
桐生ちゃん,,,1,名詞,固有名詞,人名,一般,*,*,桐生ちゃん,キリュウチャン,キリューチャン
ココちん,,,1,名詞,固有名詞,人名,一般,*,*,ココちん,ココチン,ココチン
ココちゃ,,,1,名詞,固有名詞,人名,一般,*,*,ココちゃ,ココチャ,ココチャ
角巻,,,1,名詞,固有名詞,人名,姓,*,*,角巻,ツノマキ,ツノマキ
わため,,,1,名詞,固有名詞,人名,名,*,*,わため,ワタメ,ワタメ
わためいと,,,1,名詞,固有名詞,一般,*,*,*,わためいと,ワタメイト,ワタメート
ししわた,,,1,名詞,固有名詞,一般,*,*,*,ししわた,シシワタ,シシワタ
わためめ,,,1,名詞,固有名詞,人名,一般,*,*,わためめ,ワタメメ,ワタメメ
わためぇ,,,1,名詞,固有名詞,人名,一般,*,*,わためぇ,ワタメェ,ワタメー
わたちゃん,,,1,名詞,固有名詞,人名,一般,*,*,わたちゃん,ワタチャン,ワタチャン
ひつじぃ,,,1,名詞,固有名詞,人名,一般,*,*,ひつじぃ,ヒツジィ,ヒツジー
羊公,,,1,名詞,固有名詞,人名,一般,*,*,羊公,ヒツジコウ,ヒツジコー
羊畜生,,,1,名詞,固有名詞,人名,一般,*,*,羊畜生,ヒツジチクショウ,ヒツジチクショー
わたちん,,,1,名詞,固有名詞,人名,一般,*,*,わたちん,ワタチン,ワタチン
わためちゃ,,,1,名詞,固有名詞,人名,一般,*,*,わためちゃ,ワタメチャ,ワタメチャ
常闇,,,1,名詞,固有名詞,人名,姓,*,*,常闇,トコヤミ,トコヤミ
トワ,,,1,名詞,固有名詞,人名,名,*,*,トワ,トワ,トワ
トワしゃま,,,1,名詞,代名詞,一般,*,*,*,トワしゃま,トワシャマ,トワシャマ
常闇眷属,,,1,名詞,固有名詞,一般,*,*,*,常闇眷属,トコヤミケンゾク,トコヤミケンゾク
とわぴ,,,1,名詞,固有名詞,人名,一般,*,*,とわぴ,トワピ,トワピ
トワ様,,,1,名詞,固有名詞,人名,一般,*,*,トワ様,トワサマ,トワサマ
トワぴ,,,1,名詞,固有名詞,人名,一般,*,*,トワぴ,トワピ,トワピ
トワピ,,,1,名詞,固有名詞,人名,一般,*,*,トワピ,トワピ,トワピ
トワち,,,1,名詞,固有名詞,人名,一般,*,*,トワち,トワチ,トワチ
トワちん,,,1,名詞,固有名詞,人名,一般,*,*,トワちん,トワチン,トワチン
ヘラ,,,1,名詞,固有名詞,人名,一般,*,*,ヘラ,ヘラ,ヘラ
トワトワ,,,1,名詞,固有名詞,人名,一般,*,*,トワトワ,トワトワ,トワトワ
トワワ先輩,,,1,名詞,固有名詞,人名,一般,*,*,トワワ先輩,トワワセンパイ,トワワセンパイ
姫森,,,1,名詞,固有名詞,人名,姓,*,*,姫森,ヒメモリ,ヒメモリ
ルーナ,,,1,名詞,固有名詞,人名,名,*,*,ルーナ,ルーナ,ルーナ
ルーナイト,,,1,名詞,固有名詞,一般,*,*,*,ルーナイト,ルーナイト,ルーナイト
わたがし,,,1,名詞,固有名詞,一般,*,*,*,わたがし,ワタガシ,ワタガシ
姫ココ,,,1,名詞,固有名詞,一般,*,*,*,姫ココ,ヒメココ,ヒメココ
ころルナ,,,1,名詞,固有名詞,一般,*,*,*,ころルナ,コロルナ,コロルナ
スバルーナ,,,1,名詞,固有名詞,一般,*,*,*,スバルーナ,スバルーナ,スバルーナ
ノエルーナ,,,1,名詞,固有名詞,一般,*,*,*,ノエルーナ,ノエルーナ,ノエルーナ
フレルーナ,,,1,名詞,固有名詞,一般,*,*,*,フレルーナ,フレルーナ,フレルーナ
マリルーナ,,,1,名詞,固有名詞,一般,*,*,*,マリルーナ,マリルーナ,マリルーナ
ポルーナ,,,1,名詞,固有名詞,一般,*,*,*,ポルーナ,ポルーナ,ポルーナ
ほろべいびー,,,1,名詞,固有名詞,一般,*,*,*,ほろべいびー,ホロベイビー,ホロベイビー
林檎と姫,,,1,名詞,固有名詞,一般,*,*,*,林檎と姫,リンゴトヒメ,リンゴトヒメ
あんぽんたん姉妹,,,1,名詞,固有名詞,一般,*,*,*,あんぽんたん姉妹,アンポンタンシスターズ,アンポンタンシスターズ
スバちょこルーナ,,,1,名詞,固有名詞,一般,*,*,*,スバちょこルーナ,スバチョコルーナ,スバチョコルーナ
がぶがぶほろべいびー,,,1,名詞,固有名詞,一般,*,*,*,がぶがぶほろべいびー,ガブガブホロベイビー,ガブガブホロベイビー
すばるなぽるたん,,,1,名詞,固有名詞,一般,*,*,*,すばるなぽるたん,スバルナポルタン,スバルナポルタン
ルーナたん,,,1,名詞,固有名詞,人名,一般,*,*,ルーナたん,ルーナタン,ルーナタン
ルーナ姫,,,1,名詞,固有名詞,人名,一般,*,*,ルーナ姫,ルーナヒメ,ルーナヒメ
んなたん,,,1,名詞,固有名詞,人名,一般,*,*,んなたん,ンナタン,ンナタン
るーなたん,,,1,名詞,固有名詞,人名,一般,*,*,るーなたん,ルーナタン,ルーナタン
姫,,,1,名詞,固有名詞,人名,一般,*,*,姫,ヒメ,ヒメ
ルナち,,,1,名詞,固有名詞,人名,一般,*,*,ルナち,ルナチ,ルナチ
ルナちん,,,1,名詞,固有名詞,人名,一般,*,*,ルナちん,ルナチン,ルナチン
雪花,,,1,名詞,固有名詞,人名,姓,*,*,雪花,ユキハナ,ユキハナ
ラミィ,,,1,名詞,固有名詞,人名,名,*,*,ラミィ,ラミィ,ラミー
雪民,,,1,名詞,固有名詞,一般,*,*,*,雪民,ユキミン,ユキミン
ラミィたん,,,1,名詞,固有名詞,人名,一般,*,*,ラミィたん,ラミィタン,ラミータン
ラミィママ,,,1,名詞,固有名詞,人名,一般,*,*,ラミィママ,ラミィママ,ラミーママ
お酒さん,,,1,名詞,固有名詞,人名,一般,*,*,お酒さん,オサケサン,オサケサン
ラミちゃん,,,1,名詞,固有名詞,人名,一般,*,*,ラミちゃん,ラミチャン,ラミチャン
らみちゃん,,,1,名詞,固有名詞,人名,一般,*,*,らみちゃん,ラミチャン,ラミチャン
桃鈴,,,1,名詞,固有名詞,人名,姓,*,*,桃鈴,モモスズ,モモスズ
ねね,,,1,名詞,固有名詞,人名,名,*,*,ねね,ネネ,ネネ
ねっ子,,,1,名詞,固有名詞,一般,*,*,*,ねっ子,ネッコ,ネッコ
ねねち,,,1,名詞,固有名詞,人名,一般,*,*,ねねち,ネネチ,ネネチ
ねねね,,,1,名詞,固有名詞,人名,一般,*,*,ねねね,ネネネ,ネネネ
獅白,,,1,名詞,固有名詞,人名,姓,*,*,獅白,シシロ,シシロ
ぼたん,,,1,名詞,固有名詞,人名,名,*,*,ぼたん,ボタン,ボタン
ぼ担,,,1,名詞,固有名詞,一般,*,*,*,ぼ担,ボタン,ボタン
ししろん,,,1,名詞,固有名詞,人名,一般,*,*,ししろん,シシロン,シシロン
ぼたんたん,,,1,名詞,固有名詞,人名,一般,*,*,ぼたんたん,ボタンタン,ボタンタン
尾丸,,,1,名詞,固有名詞,人名,姓,*,*,尾丸,オマル,オマル
ポルカ,,,1,名詞,固有名詞,人名,名,*,*,ポルカ,ポルカ,ポルカ
ぽっか,,,1,名詞,代名詞,一般,*,*,*,ぽっか,ポッカ,ポッカ
おまる座,,,1,名詞,固有名詞,一般,*,*,*,おまる座,オマルザ,オマルザ
ぽるぽる,,,1,名詞,固有名詞,人名,一般,*,*,ぽるぽる,ポルポル,ポルポル
ポルちゃん,,,1,名詞,固有名詞,人名,一般,*,*,ポルちゃん,ポルチャン,ポルチャン
ポルカッチョ,,,1,名詞,固有名詞,人名,一般,*,*,ポルカッチョ,ポルカッチョ,ポルカッチョ
ポルポル,,,1,名詞,固有名詞,人名,一般,*,*,ポルポル,ポルポル,ポルポル
おまるん,,,1,名詞,固有名詞,人名,一般,*,*,おまるん,オマルン,オマルン
